No.,Series,Votes,Author,Rank Change,2021 Rank
1,The Stormlight Archive,380,Brandon Sanderson,0,1
2,Middle-Earth Universe,371,J.R.R. Tolkien,0,2
3,First Law World,336,Joe Abercrombie,3,6
4,A Song of Ice and Fire,310,George R.R. Martin,1,5
5,Mistborn,257,Brandon Sanderson,-2,3
6,The Wheel of Time,230,Robert Jordan,-2,4
7,Realm of the Elderlings,228,Robin Hobb,1,8
8,Discworld,209,Terry Pratchett,-1,7
9,Malazan,185,Steven Erikson,3,12
10,The Green Bone Saga,173,Fonda Lee,20,30
11,Gentleman Bastard,159,Scott Lynch,-1,10
12,Harry Potter,152,J.K. Rowling,-1,11
13,The Kingkiller Chronicle,130,Patrick Rothfuss,-4,9
14,Red Rising Saga,121,Pierce Brown,1,15
15,Dune,113,Frank Herbert,1,16
16,The Dresden Files,107,Jim Butcher,-3,13
17,Cradle,99,Will Wight,5,22
18,The Murderbot Diaries,93,Martha Wells,0,18
19,The Broken Earth,90,N.K. Jemisin,-5,14
20,Earthsea Cycle,88,Ursula K. Le Guin,-3,17
21,The Locked Tomb,87,Tamsyn Muir,-1,19
22,The Witcher,82,Andrzej Sapkowski,-2,20
23,Piranesi,79,Susanna Clarke,36,59
24,The Dark Tower,69,Stephen King,0,24
25,The Expanse,66,James S. A. Corey,1,26
26,Hyperion Cantos,60,Dan Simmons,22,48
27,Jonathan Strange & Mr Norrell,59,Susanna Clarke,11,38
28,His Dark Materials,56,Philip Pullman,1,29
29,The Books of Babel,50,Josiah Bancroft,-6,23
29,Percy Jackson and the Olympians,50,Rick Riordan,12,41
31,The Hitchhiker's Guide to the Galaxy,48,Douglas Adams,-4,27
32,Wayfarers,45,Becky Chambers,2,34
32,Book of the Ancestor,45,Mark Lawrence,-11,21
34,Riyria,44,Michael J. Sullivan,-9,25
35,Children of Time,43,Adrian Tchaikovsky,34,69
36,The Faithful and the Fallen,42,John Gwynne,3,39
36,The Goblin Emperor,42,Katherine Addison,0,36
36,The Band,42,Nicholas Eames,-6,30
39,Book of the New Sun,41,Gene Wolfe,19,58
39,Hainish Cycle,41,Ursula K. Le Guin,14,53
41,Teixcalaan,39,Arkady Martine,13,54
41,Warbreaker,39,Brandon Sanderson,-2,39
43,Powder Mage,37,Brian McClellan,-2,41
43,The Osten Ard Saga,37,Tad Williams,37,80
45,Project Hail Mary,36,Andy Weir,192,237
45,World of the Five Gods,36,Lois McMaster Bujold,-11,34
45,American Gods,36,Neil Gaiman,3,48
48,The Old Kingdom,35,Garth Nix,11,59
48,Ender's Saga,35,Orson Scott Card,0,48
50,Tress of the Emerald Sea,34,Brandon Sanderson,NEW,N/A
50,Circe,34,Madeline Miller,-9,41
52,Scholomance,33,Naomi Novik,228,280
53,Lightbringer,32,Brent Weeks,-25,28
53,The Chronicles of the Black Company,32,Glen Cook,1,54
53,Berserk,32,Kentaro Miura,47,100
53,The Masquerade,32,Seth Dickinson,6,59
57,One Piece,31,Eiichiro Oda,87,144
58,The Chronicles of Narnia,30,C.S. Lewis,-10,48
58,Grishaverse,30,Leigh Bardugo,-11,47
58,Legends & Lattes,30,Travis Baldree,NEW,N/A
61,Tigana,29,Guy Gavriel Kay,14,75
61,The Lions of Al-Rassan,29,Guy Gavriel Kay,-2,59
61,Kushiel's Universe,29,Jacqueline Carey,4,65
61,The Second Apocalypse,29,R. Scott Bakker,83,144
65,The Poppy War,28,R.F. Kuang,-32,33
65,The Library at Mount Char,28,Scott Hawkins,8,73
65,Tortall Universe,28,Tamora Pierce,-6,59
68,Sandman,26,Neil Gaiman,7,75
68,Parahumans,26,Wildbow,-12,56
70,The Long Price Quartet,25,Daniel Abraham,22,92
70,Howl's Moving Castle,25,Diana Wynne Jones,-3,67
70,The Bloodsworn Saga,25,John Gwynne,52,122
70,The Winternight Trilogy,25,Katherine Arden,3,73
70,Remembrance of Earth's Past,25,Liu Cixin,18,88
70,Good Omens,25,Terry Pratchett and Neil Gaiman,10,80
76,The Burning,24,Evan Winter,-40,36
76,Theonite,24,M.L. Wang,-31,45
78,New Crobuzon (Bas-Lag),23,China Miéville,-12,66
78,The Song of Achilles,23,Madeline Miller,14,92
80,Star Wars,22,Various,102,182
81,Sun Eater,21,Christopher Ruocchio,156,237
81,This is How You Lose the Time War,21,Amal El-Mohtar and Max Gladstone,5,86
81,Nevermoor,21,Jessica Townsend,199,280
84,The Emperor's Soul,20,Brandon Sanderson,19,103
84,The Dandelion Dynasty,19,Ken Liu,75,159
84,Vorkosigan Saga,19,Lois McMaster Bujold,-36,48
84,The Memoirs of Lady Trent,19,Marie Brennan,-6,78
84,The Divine Cities,19,Robert Jackson Bennett,-25,59
89,Mother of Learning,18,Domagoj Kurmaic,93,182
89,The Sarantine Mosaic,18,Guy Gavriel Kay,-22,67
89,Neverwhere,18,Neil Gaiman,-20,69
89,Riftwar Cycle,18,Raymond E. Feist and Janny Wurts,-44,45
93,Blacktongue,17,Christopher Buehlman,NEW,#N/A
93,The Inheritance Cycle,17,Christopher Paolini,-24,69
93,The Licanius Trilogy,17,James Islington,-36,57
93,Gormenghast,17,Mervyn Peake,25,118
93,Spinning Silver,17,Naomi Novik,-24,69
93,The Ocean at the End of the Lane,17,Neil Gaiman,-5,88
93,Kindred,17,Octavia E. Butler,29,122
93,The Last Unicorn,17,Peter S. Beagle,-1,92
101,Terra Ignota,16,Ada Palmer,21,122
101,Culture,16,Iain M. Banks,-21,80
101,Broken Empire world,16,Mark Lawrence,-60,41
101,Earthseed,16,Octavia Butler,-13,88
101,The Wandering Inn,16,Pirateaba,58,159
101,The Stand,16,Stephen King,58,159
101,The House in the Cerulean Sea,16,T.J. Klune,-69,32
108,Rivers of London,15,Ben Aaronovitch,-16,92
108,The Singing Hills Cycle,15,Nghi Vo,172,280
108,The Tide Child,15,R.J. Barker,36,144
108,The Daevabad Trilogy,15,S.A. Chakraborty,-33,75
108,The Roots of Chaos,15,Samantha Shannon,30,138
113,The Martian,14,Andy Weir,-3,110
113,Imperial Radch,14,Ann Leckie,-33,80
113,Skyward,14,Brandon Sanderson,-33,80
113,Fullmetal Alchemist,14,Hiromu Arakawa,400,513
113,Foundation,14,Isaac Asimov,-3,110
113,Chronicles of Amber,14,Roger Zelazny,9,122
113,Sprawl,14,William Gibson,46,159
120,Mage Errant,13,John Bierce,2,122
120,Bartimaeus Sequence,13,Jonathan Stroud,-17,103
120,The Magicians,13,Lev Grossman,-17,103
120,The Books of the Raksura,13,Martha Wells,-17,103
120,Dungeon Crawler Carl,13,Matt Dinniman,393,513
120,Anathem,13,Neal Stephenson,86,206
126,The Once and Future Witches,12,Alix E. Harrow,-4,122
126,Pern,12,Anne McCaffrey,12,138
126,Bobiverse,12,Dennis E. Taylor,-26,100
126,Paksenarrion,12,Elizabeth Moon,18,144
126,Wars of Light and Shadow,12,Janny Wurts,-4,122
126,Southern Reach,12,Jeff VanderMeer,154,280
126,Rook & Rose,12,M.A. Carrick,80,206
126,Lady Astronaut,12,Mary Robinette Kowal,-16,110
126,Babel,12,R.F. Kuang,NEW,#N/A
126,Wayward Children,12,Seanan McGuire,-4,122
126,The Burning Kingdoms,12,Tasha Suri,NEW,#N/A
137,The Ten Thousand Doors of January,11,Alix E. Harrow,-15,122
137,Arcane Ascension,11,Andrew Rowe,-45,92
137,Night Angel,11,Brent Weeks,-59,78
137,The Shadow Campaigns,11,Django Wexler,-34,103
137,The Night Circus,11,Erin Morgenstern,-23,114
137,Temeraire,11,Naomi Novik,7,144
137,The Demon Cycle,11,Peter V. Brett,45,182
137,The Bound and the Broken,11,Ryan Cahill,NEW,#N/A
137,The Chronicles of Thomas Covenant,11,Stephen R. Donaldson,100,237
137,The World of the White Rat,11,T. Kingfisher,-23,114
147,The Warlord Chronicles,10,Bernard Cornwell,90,237
147,Redwall,10,Brian Jacques,-55,92
147,The Five Warrior Angels,10,Brian Lee Durfee,NEW,#N/A
147,The Coldfire Trilogy,10,C.S. Friedman,35,182
147,The Queen's Thief,10,Megan Whalen Turner,-25,122
147,Uprooted,10,Naomi Novik,-55,92
147,Forgotten Realms,10,R.A. Salvatore,NEW,#N/A
147,Ash and Sand,10,Richard Nell,35,182
147,The Steerswoman,10,Rosemary Kirstein,90,237
147,Lays of the Hearth Fire,10,Victoria Goddard,NEW,#N/A
147,Station Eleven,10,Emily St. John Mandel,21,168
158,Raven's Shadow,9,Anthony Ryan,-55,103
158,Empire of the Vampire,9,Jay Kristoff,NEW,#N/A
158,The Nevernight Chronicle,9,Jay Kristoff,122,280
158,The Raven Cycle,9,Maggie Stiefvater,-80,78
158,Essalieyan,9,Michelle Sagara West,24,182
158,Stardust,9,Neil Gaiman,48,206
158,Greatcoats,9,Sebastien de Castell,-36,122
158,The Princess Bride,9,William Goldman,-36,122
158,Saga,9,Brian K. Vaughan & Fiona Staples,0,158
167,Monk & Robot,8,Becky Chambers,NEW,#N/A
167,Elantris,8,Brandon Sanderson,-87,80
167,Navronne,8,Carol Berg,15,182
167,Belgariad Universe,8,David Eddings,-45,122
167,The Starless Sea,8,Erin Morgenstern,2,169
167,Under Heaven,8,Guy Gavriel Kay,-29,138
167,Novels of the Malazan Empire,8,Ian C. Esslemont,NEW,#N/A
167,The Siege,8,K.J. Parker,15,182
167,Strange the Dreamer,8,Laini Taylor,-23,144
167,Alex Stern,8,Leigh Bardugo,15,182
167,The Dark Star Trilogy,8,Marlon James,346,513
167,Frankenstein,8,Mary Shelley,196,363
167,Craft Sequence,8,Max Gladstone,-45,122
167,The Radiant Emperor,8,Shelley Parker-Chan,NEW,#N/A
167,The Once and Future King,8,T.H. White,15,182
167,The Invisible Life of Addie LaRue,8,V.E. Schwab,-8,159
183,Chronicle of the Unhewn Throne,7,Brian Staveley,-1,182
183,Between Two Fires,7,Christopher Buehlman,330,513
183,The Dagger and the Coin,7,Daniel Abraham,-69,114
183,Skulduggery Pleasant,7,Derek Landy,-1,182
183,The Dark Profit Saga,7,J. Zachary Pike,-80,103
183,Ambergris,7,Jeff VanderMeer,23,206
183,Sevenwaters,7,Juliet Marillier,97,280
183,The Chronicles of Prydain,7,Lloyd Alexander,-24,159
183,The Master and Margarita,7,Mikhail Bulgakov,180,363
183,Ascendance of a Bookworm,7,Miya Kazuki,NEW,#N/A
183,Xenogenesis,7,Octavia E. Butler,-24,159
183,Dead Djinn Universe,7,P. Djeli Clark,330,513
183,The Forgotten Beasts of Eld,7,Patricia A. McKillip,54,237
183,Olondria,7,Sofia Samatar,-1,182
183,11/22/1963,7,Stephen King,-2,181
183,IT,7,Stephen King,-1,182
183,The Hunger Games,7,Suzanne Collins,-1,182
183,Sunshine,7,Robin McKinley,-39,144
201,Shadows of the Apt,6,Adrian Tchaikovsky,5,206
201,The Raven Tower,6,Ann Leckie,-32,169
201,Alex Verus,6,Benedict Jacka,-32,169
201,The First Fifteen Lives of Harry August,6,Claire North,-57,144
201,The Checquy Files,6,Daniel O'Malley,5,206
201,Artemis Fowl,6,Eoin Colfer,-19,182
201,Warriors,6,Erin Hunter,36,237
201,Ready Player One,6,Ernest Cline,36,237
201,Fafhrd and the Gray Mouser,6,Fritz Leiber,162,363
201,1984,6,George Orwell,-83,118
201,The Golem and the Jinni,6,Helene Wecker,-91,110
201,Kate Daniels,6,Ilona Andrews,-57,144
201,Thursday Next,6,Jasper Fforde,36,237
201,Codex Alera,6,Jim Butcher,-109,92
201,Shattered Sea,6,Joe Abercrombie,-32,169
201,Never Let Me Go,6,Kazuo Ishiguro,162,363
201,Mars Trilogy,6,Kim Stanley Robinson,36,237
201,Dragonlance,6,Margaret Weis and Tracy Hickman,5,206
201,The Sparrow,6,Mary Doria Russell,-19,182
201,The Acts Of Caine,6,Matthew Woodring Stover,-33,168
201,World War Z,6,Max Brooks,312,513
201,The Neverending Story,6,Michael Ende,5,206
201,Inheritance Trilogy,6,N.K. Jemisin,-32,169
201,Hench,6,Natalie Zina Walschots,162,363
201,The Graveyard Book,6,Neil Gaiman,-83,118
201,The Picture of Dorian Gray,6,Oscar Wilde,312,513
201,Riddle-Master,6,Patricia A. McKillip,79,280
201,Commonwealth Saga,6,Peter F. Hamilton,-42,159
201,War for the Rose Throne,6,Peter McLean,NEW,#N/A
201,Conan,6,Robert E. Howard,-57,144
201,Vlad Taltos,6,Steven Brust,-63,138
201,The 7 1/2 Deaths of Evelyn Hardcastle,6,Stuart Turton,79,280
201,The Machineries of Empire,6,Yoon Ha Lee,-83,118
201,Vita Nostra,6,Marina & Sergey Dyachenko,-58,143
235,The Serpent Gates,5,A.K. Larkwood,NEW,#N/A
235,Glass Immortals,5,Brian McClellan,NEW,#N/A
235,Foreigner,5,C.J. Cherryh,45,280
235,The Darkwater Legacy,5,Chris Wooding,-29,206
235,Oxford Time Travel,5,Connie Willis,-66,169
235,The Drenai Saga,5,David Gemmell,-66,169
235,The World of Riverside,5,Ellen Kushner,278,513
235,A Practical Guide to Evil,5,ErraticErrata,-66,169
235,A Brightness Long Ago,5,Guy Gavriel Kay,278,513
235,Attack on Titan,5,Hajime Isayama,-53,182
235,1Q84,5,Haruki Murakami,128,363
235,Silo,5,Hugh Howey,-29,206
235,The Forever War,5,Joe Haldeman,-66,169
235,Johannes Cabal,5,Jonathan L. Howard,2,237
235,Graceling Realm,5,Kristin Cashore,45,280
235,Valdemar,5,Mercedes Lackey,-29,206
235,The Elric Saga,5,Michael Moorcock,-91,144
235,Iconoclasts,5,Mike Shel,2,237
235,The Phantom Tollbooth,5,Norton Juster,128,363
235,Mercy Thompson,5,Patricia Briggs,-29,206
235,Fahrenheit 451,5,Ray Bradbury,128,363
235,A Night In the Lonesome October,5,Roger Zelazny,128,363
235,Light from Uncommon Stars,5,Ryka Aoki,NEW,#N/A
235,Throne of Glass,5,Sarah J. Maas,128,363
235,Inda,5,Sherwood Smith,-113,122
235,Mexican Gothic,5,Silvia Moreno-Garcia,2,237
235,The Spear Cuts Through Water,5,Simon Jimenez,NEW,#N/A
235,Nettle & Bone,5,T. Kingfisher,NEW,#N/A
235,Circle of Magic,5,Tamora Pierce,278,513
235,Shannara,5,Terry Brooks,45,280
235,Zones of Thought,5,Vernor Vinge,278,513
235,Hunter x Hunter,5,Yoshihiro Togashi,45,280
267,Stariel,4,A.J. Lancaster,NEW,#N/A
267,Elder Race,4,Adrian Tchaikovsky,NEW,#N/A
267,The Others,4,Anne Bishop,96,363
267,The Vampire Chronicles,4,Anne Rice,96,363
267,Childhood's End,4,Arthur C. Clarke,246,513
267,"To Be Taught, If Fortunate",4,Becky Chambers,96,363
267,Captive Prince,4,C.S. Pacat,13,280
267,Fairyland,4,Catherynne M. Valente,246,513
267,The Orphan's Tales,4,Catherynne M. Valente,-30,237
267,Newford,4,Charles de Lint,96,363
267,The Road,4,Cormac McCarthy,13,280
267,Flowers for Algernon,4,Daniel Keyes,13,280
267,Young Wizards,4,Diane Duane,96,363
267,Raven's Mark,4,Ed McDonald,-61,206
267,One Hundred Years of Solitude,4,Gabriel García Márque,96,363
267,Old Man's War,4,John Scalzi,-123,144
267,Pandora Hearts,4,Jun Mochizuki,NEW,#N/A
267,The Tarot Sequence,4,K.D. Edwards,-123,144
267,The Folding Knife,4,K.J. Parker,96,363
267,Crown of Stars,4,Kate Elliott,-85,182
267,Tainted Dominion,4,Krystle Matar,NEW,#N/A
267,The Merlin Prophecy,4,M.K. Hume,NEW,#N/A
267,Time Quintet,4,Madeleine L'Engle,96,363
267,The Scorpio Races,4,Maggie Stiefvater,-30,237
267,Arthurian Saga,4,Mary Stewart,13,280
267,The Space Between Worlds,4,Micaiah Johnson,-61,206
267,Jurassic Park,4,Michael Crichton,-30,237
267,Manifest Delusions,4,Michael R. Fletcher,246,513
267,Arc of a Scythe,4,Neal Shusterman,-61,206
267,Regency Faerie Tales,4,Olivia Atwater,13,280
267,Firefall,4,Peter Watts,NEW,#N/A
267,Do Androids Dream of Electric Sheep?,4,Philip K. Dick,246,513
267,Tales of Tremaine,4,R.R. Virdi,NEW,#N/A
267,Something Wicked This Way Comes,4,Ray Bradbury,96,363
267,The Martian Chronicles,4,Ray Bradbury,96,363
267,Between Earth and Sky,4,Rebecca Roanhorse,-123,144
267,Mushoku Tensei,4,Rifujin na Magonote,NEW,#N/A
267,Lord of Light,4,Roger Zelazny,-30,237
267,October Daye,4,Seanan McGuire,246,513
267,The Dark is Rising,4,Susan Cooper,-30,237
267,Tales from the Flat Earth,4,Tanith Lee,246,513
267,Chainsaw Man,4,Tatsuki Fujimoto,246,513
267,Legendborn,4,Tracy Deonn,-30,237
267,Shades of Magic,4,V.E. Schwab,-129,138
267,Zamonia,4,Walter Moers,-61,206
267,Threadlight,4,Zack Argyle,246,513
313,Final Architecture,3,Adrian Tchaikovsky,NEW,#N/A
313,Guns of the Dawn,3,Adrian Tchaikovsky,-76,237
313,Brave New World,3,Aldous Huxley,-76,237
313,Hussite Trilogy,3,Andrzej Sapkowski,200,513
313,The Little Prince,3,Antoine de Saint-Exupery,-107,206
313,2001: A Space Odyssey,3,Arthur C. Clarke,50,363
313,The Brothers Lionheart,3,Astrid Lindgren,50,363
313,The Kingston Cycle,3,C.L. Polk,50,363
313,The Space Trilogy,3,C.S. Lewis,50,363
313,Saint Death trilogy,3,C.S.E. Cooney,NEW,#N/A
313,To Sleep in a Sea of Stars,3,Christopher Paolini,200,513
313,Imajica,3,Clive Barker,200,513
313,Low Town,3,Daniel Polansky,50,363
313,Troy,3,David Gemmell,200,513
313,Honor Harrington,3,David Weber,200,513
313,Super Powereds,3,Drew Hayes,-107,206
313,Villains' Code,3,Drew Hayes,-33,280
313,Six Chances,3,elmwynn,NEW,#N/A
313,The Greenhollow Duology,3,Emily Tesh,200,513
313,The Black Iron Legacy,3,Gareth Hanrahan,-33,280
313,All the Seas of the World,3,Guy Gavriel Kay,NEW,#N/A
313,Jean le Flambeur,3,Hannu Rajaniemi,200,513
313,Kafka on the Shore,3,Haruki Murakami,200,513
313,The Folk of the Air,3,Holly Black,-76,237
313,Robot,3,Isaac Asimov,-33,280
313,Invisible Cities,3,Italo Calvino,-33,280
313,Defiance of the Fall,3,J.F. Brink,NEW,#N/A
313,Farmer Giles of Ham,3,J.R.R. Tolkien,NEW,#N/A
313,Bone,3,Jeff Smith,-33,280
313,The Winnowing Flame Trilogy,3,Jen Williams,-76,237
313,Spiritwalker,3,Kate Elliott,200,513
313,Deverry Cycle,3,Katharine Kerr,50,363
313,Overlord,3,Kugane Maruyama,NEW,#N/A
313,The First Sister Trilogy,3,Linden A. Lewis,NEW,#N/A
313,Vinland Saga,3,Makoto Yukimura,NEW,#N/A
313,MaddAddam,3,Margaret Atwood,-76,237
313,The Handmaid's Tale,3,Margaret Atwood,-76,237
313,The Midnight Library,3,Matt Haig,NEW,#N/A
313,The Legends of the First Empire,3,Michael J. Sullivan,50,363
313,The Traitor Son Cycle,3,Miles Cameron,-191,122
313,Heaven Official's Blessing,3,Mo Xiang Tong Xiu,200,513
313,Tensorate,3,Neon Yang,-33,280
313,Empire of the Wolf,3,Rich Swan,NEW,#N/A
313,Watership Down,3,Richard Adams,-199,114
313,The Founders Trilogy,3,Robert Jackson Bennett,-175,138
313,The Fire Sacraments,3,Robert V.S. Redick,50,363
313,Damar,3,Robin McKinley,-107,206
313,Deerskin,3,Robin McKinley,-107,206
313,A Half-Built Garden,3,Ruthanna Emrys,NEW,#N/A
313,The Watch,3,Sergei Lukyanenko,50,363
313,The Vanished Birds,3,Simon Jimenez,50,363
313,Fairy Tale,3,Stephen King,NEW,#N/A
313,Salem's Lot,3,Stephen King,NEW,#N/A
313,The Eyes of the Dragon,3,Stephen King,NEW,#N/A
313,The Gap Cycle,3,Stephen R. Donaldson,-30,280
313,Celestial Kingdom Duology,3,Sue Lynn Tan,NEW,#N/A
313,A Wizard's Guide to Defensive Baking,3,T. Kingfisher,200,513
313,Exhalation,3,Ted Chiang,50,363
313,Stories of your Life and Others,3,Ted Chiang,50,363
313,Sword of Truth,3,Terry Goodkind,-33,280
313,Black Magician Trilogy,3,Trudi Canavan,-33,280
313,Iron Widow,3,Xiran Jay Zhao,NEW,#N/A
313,Kingdom,3,Yasuhisa Hara,NEW,#N/A
313,Gunmetal Gods,3,Zamil Akhtar,NEW,#N/A
378,One Day All This Will Be Yours,2,Adrian Tchaikovsky,,
378,Watchmen,2,Alan Moore,,
378,House of Suns,2,Alastair Reynolds,,
378,Revelation Space,2,Alastair Reynolds,,
378,The Drowning Empire,2,Andrea Stewart,,
378,Project Hail Mary,2,Andy Weir,,
378,Septimus Heap,2,Angie Sage,,
378,Empires of Dust,2,Anna Smith Spark,,
378,The Power of Five,2,Anthony Horowitz,,
378,Draconis Memoria,2,Anthony Ryan,,
378,Sun Wolf and Starhawk,2,Barbara Hambly,,
378,The Chronicles of Master Li and Number Ten Ox Series,2,Barry Hughart,,
378,Yarnsworld,2,Benedict Patrick,,
378,The Last Kingdom Series,2,Bernard Cornwell,,
378,Dracula,2,Bram Stoker,,
378,Saga,2,Brian K. Vaughan,,
378,Magic of the Lost,2,C.L. Clark,,
378,The Ruthless Lady's Guide to Wizardry,2,C.M. Waggoner,,
378,Till We Have Faces,2,C.S. Lewis,,
378,The Cemetery of Forgotten Books,2,Carlos Ruiz Zafon,,
378,Rai-Kirah,2,Carol Berg,,
378,The Infernal Devices,2,Cassandra Clare,,
378,Beware of Chicken,2,CasualFarmer,,
378,Deathless,2,Catherynne M. Valente,,
378,Tales of the Ketty Jay,2,Chris Wooding,,
378,The Lesser Dead,2,Christopher Buehlman,,
378,Notes from the Burning Age,2,Claire North,,
378,Abarat,2,Clive Barker,,
378,Dragon Rider,2,Cornelia Funke,,
378,Inkworld,2,Cornelia Funke,,
378,Expeditionary Force,2,Craig Alanson,,
378,How to Train Your Dragon,2,Cressida Cowell,,
378,Pendragon,2,D.J. MacHale,,
378,Eisenhorn,2,Dan Abnett,,
378,Gaunt's Ghosts,2,Dan Abnett,,
378,Cloud Atlas,2,David Mitchell,,
378,The Bone Clocks,2,David Mitchell,,
378,All Souls Trilogy,2,Deborah Harkness,,
378,Chrestomanci,2,Diana Wynne Jones,,
378,Burningblade & Silvereye,2,Django Wexler,,
378,"Fred, The Vampire Accountant",2,Drew Hayes,,
378,Eternal Sky,2,Elizabeth Bear,,
378,Winter's Orbit,2,Everina Maxwell,,
378,Ella Enchanted,2,Gail Carson Levine,,
378,Sons of Darkness,2,Gourav Mohanty,,
378,A Song for Arbonne,2,Guy Garviel Kay,,
378,The Fionavar Tapestry,2,Guy Gavriel Kay,,
378,The Carls,2,Hank Green,,
378,The Odyssey,2,Homer,,
378,Lud-in-the-Mist,2,Hope Mirrlees,,
378,Hidden Legacy,2,Ilona Andrews,,
378,Innkeeper Chronicles,2,Ilona Andrews,,
378,Paranoid Mage,2,Inadvisably Compelled,,
378,The Devourers,2,Indra Das,,
378,Sword of Shadows,2,J.V. Jones,,
378,Lyonesse,2,Jack Vance,,
378,The Dying Earth,2,Jack Vance,,
378,The Master of Whitestorm,2,Janny Wurts,,
378,Early Riser,2,Jasper Fforde,,
378,Under the Pendulum Sun,2,Jeannette Ng,,
378,The Dungeoneers,2,Jeffery Russell,,
378,A Chorus of Dragons,2,Jenn Lyons,,
378,Among Others,2,Jo Walton,,
378,Thessaly,2,Jo Walton,,
378,The Fireman,2,Joe Hill,,
378,"Little, Big",2,John Crowley,,
378,Ranger's Apprentice,2,John Flanagan,,
378,The Faithful and Fallen,2,John Gwynne,,
378,The Shadow of the Gods,2,John Gwynne,,
378,The Chrysalids,2,John Wyndham,,
378,Lockwood & Co.,2,Jonathan Stroud,,
378,Raybearer,2,Jordan Ifueko,,
378,The Wolf in the Whale,2,Jordanna Max Brodsky,,
378,The Passage,2,Justin Cronin,,
378,A Charm of Magpies,2,K.J. Charles,,
378,Academic Exercises,2,K.J. Parker,,
378,Chronicles of the Bitch Queen,2,K.S. Villoso,,
378,The Girl Who Drank the Moon,2,Kelly Barnhill,,
378,Recluce Saga,2,L.E. Modesitt Jr.,,
378,The Light Between Worlds,2,Laura E. Weymouth,,
378,Tower of god,2,Lee Jong Hui,,
378,The Giver,2,Lois Lowry,,
378,The King of Elfland's Daughter,2,Lord Dunsany,,
378,Tamir Triad,2,Lynn Flewelling,,
378,Viriconium,2,M. John Harrison,,
378,Rivenworld,2,M.L. Spencer,,
378,Vespertine,2,Margaret Rogerson,,
378,Death Gate Cycle,2,Margaret Weis and Tracy Hickman,,
378,The Gray House,2,Mariam Petrosyan,,
378,The Mists of Avalon,2,Marion Zimmer Bradley,,
378,Monstress,2,Marjorie Liu,,
378,Ile-Rien,2,Martha Wells,,
378,The Perfect Run,2,Maxime J. Durand,,
378,Gone,2,Michael Grant,,
378,The Obsidian Path,2,Michael R. Fletcher,,
378,Chronicles of Elantra,2,Michelle Sagara West,,
378,Arcana Imperii,2,Miles Cameron,,
378,Ascendence of a Bookworm,2,Miya Kazuki,,
378,Bartram's Maw,2,Morgan Stang,,
378,Great Cities,2,N.K. Jemisin,,
378,Psy-Changeling,2,Nalini Singh,,
378,Snow Crash,2,Neal Stephenson,,
378,Coraline,2,Neil Gaiman,,
378,Norse Mythology,2,Neil Gaiman,,
378,The Twelfth World,2,Nicolas Lietzau,,
378,Xenogensis,2,Octavia E. Butler,,
378,The Atlas,2,Olivie Blake,,
378,Ring Shout,2,P. Djeli Clark,,
378,Alphabet of Thorn,2,Patricia A. McKillip,,
378,Enchanted Forest Chronicles,2,Patricia C. Wrede,,
378,The Monarchies of God,2,Paul Kearney,,
378,The Immortal Great Souls,2,Phil Tucker,,
378,Mortal Engines,2,Philip Reeve,,
378,Dorohedoro,2,Q. Hayashida,,
378,Miss Percy Guide,2,Quenby Olson,,
378,Heartstrikers,2,Rachel Aaron,,
378,Tess of the Road,2,Rachel Hartman,,
378,The Sixth World,2,Rebecca Roanhorse,,
378,I Am Legend,2,Richard Matheson,,
378,Magnus Chase and the Gods of Asgard,2,Rick Riordan,,
378,Sorrowland,2,Rivers Solomon,,
378,The War Eternal,2,Rob J. Hayes,,
378,Stranger in a Strange Land,2,Robert A. Heinlein,,
378,Swan Song,2,Robert R. McCammon,,
378,The Aurelian Cycle,2,Rosaria Munda,,
378,A Dowry of Blood,2,S.T. Gibson,,
378,The Gurkha and the Lord of Tuesday,2,Saad Hossain,,
378,Blackfish City,2,Sam J. Miller,,
378,In Other Lands,2,Sarah Rees Brennan,,
378,The Dragon's Banker,2,Scott Warren,,
378,Abraham Lincoln: Vampire Hunter,2,Seth Grahame-Smith,,
378,Twelve Houses,2,Sharon Shinn,,
378,The Haunting of Hill House,2,Shirley Jackson,,
378,He Who Fights With Monsters,2,Shirtaloon,,
378,Nightside,2,Simon R. Green,,
378,Solaris,2,Stanislaw Lem,,
378,Bill Hodges Trilogy,2,Stephen King,,
378,The Dark Tower,2,Stephen King,,
378,The Shining,2,Stephen King,,
378,Underland Chronicles,2,Suzanne Collins,,
378,Los Nefilim,2,T. Frohock,,
378,Tales From Verania,2,T.J. Klune,,
378,Otherland,2,Tad Williams,,
378,Vagabond,2,Takehiko Inoue,,
378,Confederation,2,Tanya Huff,,
378,The Books of Ambha,2,Tasha Suri,,
378,Last Call,2,Tim Powers,,
378,The Philosopher's,2,Tom Miller,,
378,Legacy of Orisha,2,Tomi Adeyemi,,
378,Beloved,2,Toni Morrison,,
378,The Moomins,2,Tove Jansson,,
378,The Mysterious Benedict Society,2,Trenton Lee Stewart,,
378,Annals of the Western Shore,2,Ursula K. Le Guin,,
378,Villains,2,V.E. Schwab,,
378,Warhammer,2,Various,,
378,Divergent,2,Veronica Roth,,
378,St. Leibowitz,2,Walter M. Miller Jr.,,
535,Winnie-the-Pooh,1,A.A. Milne,,
535,Skandar,1,A.F. Steadman,,
535,Stain,1,A.G. Howard,,
535,Inheritors of Eschaton,1,A.M. Parilla,,
535,Night Lords,1,Aaron Dembski-Bowden,,
535,The Horus Heresy,1,Aaron Dembski-Bowden,,
535,Dogs of War,1,Adrian Tchaikovsky,,
535,Violet Evergarden,1,Akiko Takase,,
535,Pet,1,Akwaeke Emezi,,
535,La Horde du Contrevent,1,Alain Damasio,,
535,Spellsinger,1,Alan Dean Foster,,
535,The League of Seven,1,Alan Gratz,,
535,The Shadows of Dust,1,Alec Hutson,,
535,The Crimson Empire,1,Alex Marshall,,
535,The Story of Silence,1,Alex Myers,,
535,Gamayun Tales,1,Alexander Utkin,,
535,Taste of Gold and Iron,1,Alexandra Rowland,,
535,The Seven Gods,1,Alexandra Rowland,,
535,The Tales of the Chants,1,Alexandra Rowland,,
535,The Affair of the Mysterious Letter,1,Alexis Hall,,
535,The Demolished Man,1,Alfred Bester,,
535,The Stars My Destination,1,Alfred Bester,,
535,The Coraidic Sagas,1,Alicia Wanstall-Burke,,
535,Dominion of the Fallen,1,Aliette de Bodard,,
535,Universe of Xuya,1,Aliette de Bodard,,
535,The Books of Pellinor,1,Allison Croggon,,
535,Fairytales for Wilde Girls,1,Allyse Near,,
535,Witch World,1,Andre Norton,,
535,Touchstone,1,Andrea K. Host,,
535,The Wingfeather Saga,1,Andrew Peterson,,
535,Threadbare,1,Andrew Seiple,,
535,Eterean Empire,1,Angela Boord,,
535,The Bloody Chamber and Other Stories,1,Angela Carter,,
535,Sourdough and Other Stories,1,Angela Slatter,,
535,Black Jewels,1,Ann Bishop,,
535,The Songs of the Drowned,1,Anna Stephens,,
535,The Crystal Singer,1,Anne McCaffrey,,
535,Les Chevaliers d'Émeraude Series,1,Anne Robillard,,
535,A Clockwork Orange,1,Anthony Burgess,,
535,Cloud Cuckoo Land,1,Anthony Doerr,,
535,Alex Rider,1,Anthony Horowitz,,
535,Jim Henson's The Storyteller,1,Anthony Minghella,,
535,Covenant of Steel,1,Anthony Ryan,,
535,Underworld,1,Apollos Thorne,,
535,Rendezvous with Rama,1,Arthur C. Clarke,,
535,The Brothers Lionheart,1,Astrid Lindgren,,
535,The Time Traveler's Wife,1,Audrey Niffenegger,,
535,Supernatural Investigations,1,B.B. Alston,,
535,Monk & Robot,1,Becky Chambers,,
535,Emaneska Series,1,Ben Galley,,
535,Shell Game,1,Benny Lawrence,,
535,Dark Matter,1,Blake Crouch,,
535,Recursion,1,Blake Crouch,,
535,The Song of the Shattered Sands,1,Bradley P. Beaulieu,,
535,Beyonders,1,Brandon Mull,,
535,Fablehaven,1,Brandon Mull,,
535,Rithmatist,1,Brandon Sanderson,,
535,Sixth of the Dusk,1,Brandon Sanderson,,
535,The Reckoners,1,Brandon Sanderson,,
535,Strong Female Protagonist,1,Brennan Lee Mulligan,,
535,Castaways of the Flying Dutchman,1,Brian Jacques,,
535,Redwall,1,Brian Jacques,,
535,Ultimate Spider Man,1,Brian Michael Bendis,,
535,The Betrayals,1,Bridget Collins,,
535,Wolfking,1,Bridget Wood,,
535,The Unicorn Chronicles,1,Bruce Coville,,
535,Warformed: Stormweaver,1,Bryce O'Connor and Luke Chmilenko,,
535,I Bring the Fire,1,C. Gockel,,
535,Sea of Rust,1,C. Robert Cargill,,
535,Cyteen,1,C.J. Cherryh,,
535,The Faded Sun,1,C.J. Cherryh,,
535,Jirel of Joiry,1,C.L. Moore,,
535,The Midnight Bargain,1,C.L. Polk,,
535,The Screwtape Letters,1,C.S. Lewis,,
535,The Drowning Girl,1,Caitlín R. Kiernan,,
535,Asunder: A Gathering of Chaos,1,Cameron Hopkin,,
535,Crowns of Nyaxia,1,Carissa Broadbent,,
535,Contact,1,Carl Sagan,,
535,Sal and Gabi,1,Carlos Hernandez,,
535,Song of the Beast,1,Carol Berg,,
535,Kitty Norville,1,Carrie Vaughn,,
535,One Last Stop,1,Casey McQuiston,,
535,Aven Cycle,1,Cass Morris,,
535,The Mortal Instruments,1,Cassandra Clare,,
535,Comfort Me with Apples,1,Catherynne M. Valente,,
535,Palimpsest,1,Catherynne M. Valente,,
535,Radiance,1,Catherynne M. Valente,,
535,Six-Gun Snow White,1,Catherynne M. Valente,,
535,Space Opera,1,Catherynne M. Valente,,
535,The Past is Red,1,Catherynne M. Valente,,
535,Meet Me in Another Life,1,Catriona Silvey,,
535,Gunnie Rose,1,Charlaine Harris,,
535,The Enemy,1,Charlie Higson,,
535,All The Birds In The Sky,1,Charlie Jane Anders,,
535,The City in the Middle of the Night,1,Charlie Jane Anders,,
535,The Paper Magician,1,Charlie N. Holmberg,,
535,The Sandsea Trilogy,1,Chelsea Abdullah,,
535,The Marrow Thieves,1,Cherie Dimaline,,
535,The Booking Agents,1,Cherie Priest,,
535,Embassytown,1,China Mieville,,
535,Kraken,1,China Mieville,,
535,The City and the City,1,China Mieville,,
535,Three Moments of an Explosion,1,China Mieville,,
535,Arthurian Romances,1,Chretien de Troyes,,
535,Braided Path,1,Chris Wooding,,
535,Broken Sky,1,Chris Wooding,,
535,The Weavers of Saramyr,1,Chris Wooding,,
535,The Mirror Visitor,1,Christelle Dabos,,
535,The Mirror Visitor Quartet,1,Christelle Dabos,,
535,Scary Stories for Young Foxes,1,Christian McKay Heidicker,,
535,Magelands Eternal Siege,1,Christopher Mitchell,,
535,"Lamb: The Gospel According to Biff, Christ's Childhood Pal",1,Christopher Moore,,
535,Seven Realms,1,Cinda Williams Chima,,
535,City,1,Clifford D. Simak,,
535,Weaveworld,1,Clive Barker,,
535,Zone One,1,Colson Whitehead,,
535,Little Brother,1,Cory Doctorow,,
535,Walkaway,1,Cory Doctorow,,
535,Daniel Faust,1,Craig Schaefer,,
535,The Risen Kingdoms,1,Curtis Craddock,,
535,The Remaining,1,D.J. Molles,,
535,The Terror,1,Dan Simmons,,
535,John Cleaver,1,Dan Wells,,
535,Kithamar,1,Daniel Abraham,,
535,Lawful Times,1,Daniel B. Greene,,
535,Nightmareland Chronicles,1,Daniel Barnett,,
535,The Seventh Perfection,1,Daniel Polansky,,
535,Daemon,1,Daniel Suarez,,
535,The Illborn Saga,1,Daniel T. Jackson,,
535,A Snake Falls to Earth,1,Darcie Little Badger,,
535,Craven Manor,1,Darcy Coates,,
535,Dead Lake,1,Darcy Coates,,
535,Agents of Kalanon,1,Darian Smith,,
535,The Demonata,1,Darren Shan,,
535,The Saga of Darren Shan,1,Darren Shan,,
535,Penpal,1,Dathan Auerbach,,
535,A Man of His Word,1,Dave Duncan,,
535,The Fractured Europe Sequence,1,Dave Hutchinson,,
535,Winds of the Forelands,1,David B. Coe,,
535,The Uplift Saga,1,David Brin,,
535,Fire Bringer,1,David Clement-Davies,,
535,The Keepers,1,David Dalglish,,
535,The Kingfall Histories,1,David Estes,,
535,The Runelords,1,David Farland,,
535,Dragon Age,1,David Gaider,,
535,The Rigante,1,David Gemmell,,
535,Jack Howard,1,David Gibbins,,
535,A Voyage to Arcturus,1,David Lindsay,,
535,Jump 225,1,David Louis Edelman,,
535,The Thousand Autumns of Jacob de Zoet,1,David Mitchell,,
535,All Souls,1,Deborah Harkness,,
535,The House Witch,1,Delemhach,,
535,Quantum Earth,1,Dennis E. Taylor,,
535,Mithgar,1,Dennis L. McKiernan,,
535,The Path Trilogy,1,Diana Pharaoh Francis,,
535,Derkholm,1,Diana Wynne Jones,,
535,The Dalemark Quartet,1,Diana Wynne Jones,,
535,Once Upon a River,1,Diane Setterfield,,
535,FUTU.RE,1,Dmitry Glukhovsky,,
535,Metro 2033,1,Dmitry Glukhovsky,,
535,Tales of the Kin,1,Douglas Hulick,,
535,The Newt and Demon,1,E. M. Griffiths,,
535,The Life and Opinions of the Tomcat Murr,1,E.T.A. Hoffmann,,
535,Black Girl Unlimited,1,Echo Brown,,
535,Elminster,1,Ed Greenwood,,
535,Barsoom,1,Edgar Rice Burroughs,,
535,Children of Eden Trilogy,1,Eduardo Spohr,,
535,Unbound Deathlord,1,Edward Castle,,
535,The Empty Box and Zeroth Maria,1,Eiji Mikage,,
535,Silent City,1,Eisabeth Vonarburg,,
535,Kalevala,1,Elias Lonnrot,,
535,The Darkness Outside Us,1,Eliot Schrefer,,
535,White Space,1,Elizabeth Bear,,
535,Vintner's Luck,1,Elizabeth Knox,,
535,Plain Bad Heroines,1,Emily M. Danforth,,
535,The Three Doors,1,Emily Rodda,,
535,War for the Oaks,1,Emma Bull,,
535,Planetfall Series,1,Emma Newman,,
535,The Pentagonal Dominion,1,Erika McCorkle,,
535,Prisoners of Peace,1,Erin Bow,,
535,The Graven,1,Essa Hansen,,
535,Bulletproof witch,1,F.J. Blair,,
535,Stolen Tongues,1,Felix Blackwell,,
535,The Half-Made World,1,Felix Gilman,,
535,Manifold Worlds,1,Foz Meadows,,
535,A Face Like Glass,1,Frances Hardinge,,
535,Cuckoo Song,1,Frances Hardinge,,
535,The Metamorphosis,1,Franz Kafka,,
535,A Man Called Ove,1,Fredrik Backman,,
535,The Last Binding,1,Freya Marske,,
535,Duckett & Dyer: Dicks for Hire,1,G.M. Nair,,
535,Chronicles of the Necromancer,1,Gail Z. Martin,,
535,Nightlord,1,Garon Whited,,
535,Keys to the Kingdom,1,Garth Nix,,
535,Soldier in the Mist,1,Gene Wolfe,,
535,The Sorcerer's House,1,Gene Wolfe,,
535,The Wizard Knight,1,Gene Wolfe,,
535,The Invisible Library,1,Genevieve Cogman,,
535,The Witch's Heart,1,Genevieve Gornichec,,
535,Phantastes,1,George MacDonald,,
535,Earth Abides,1,George R. Stewart,,
535,Fevre Dream,1,George R.R. Martin,,
535,Tales of Dunk & Egg,1,George R.R. Martin,,
535,Wild Cards,1,George R.R. Martin,,
535,Lincoln in the Bardo,1,George Saunders,,
535,Dread Empire,1,Glen Cook,,
535,Garrett Files,1,Glen Cook,,
535,Messiah,1,Gore Vidal,,
535,Fallen Empire,1,Grace Draven,,
535,Master of Crows,1,Grace Draven,,
535,How to Sell a Haunted House,1,Grady Hendrix,,
535,The Southern Book Club's Guide to Slaying Vampires,1,Grady Hendrix,,
535,The Invisibles,1,Grant Morrison,,
535,Commonweal,1,Graydon Saunders,,
535,Children of Earth and Sky,1,Guy Gavriel Kay,,
535,The Last Light of the Sun,1,Guy Gavriel Kay,,
535,The Unlikely Escape of Uriah Heep,1,H.G. Parry,,
535,The Time Machine,1,H.G. Wells,,
535,Hall of Smoke,1,H.M. Long,,
535,Cthulhu Mythos,1,H.P. Lovecraft,,
535,Godkiller,1,Hannah Kaner,,
535,Hammer and the Cross,1,Harry Harrison,,
535,The Videssos Books,1,Harry Turtledove,,
535,Hard-Boiled Wonderland and the End of the World,1,Haruki Murakami,,
535,The Rat,1,Haruki Murakami,,
535,The Wind Up Bird Chronicle,1,Haruki Murakami,,
535,Houseki No Kuni,1,Haruko Ichikawa,,
535,The Language of Ghosts,1,Heather Fawcett,,
535,Malice Duology,1,Heather Walter,,
535,The Wall of Night,1,Helen Lowe,,
535,Vampire Hunter D,1,Hideyuki Kikuchi,,
535,JoJo's Bizarre Adventure,1,Hirohiko Araki,,
535,JoJo's Bizzare Adventure,1,Hirohiko Araki,,
535,Gantz,1,Hiroya Oku,,
535,Clem & Wist,1,Hiyodori,,
535,Book of Night,1,Holly Black,,
535,The Iliad,1,Homer,,
535,The Case Files of Henri Davenforth,1,Honor Raconteur,,
535,Terminal Cafe,1,Ian McDonald,,
535,Hidden Legacies,1,Ilona Andrews,,
535,Otherside Picnic,1,Iori Miyazawa,,
535,Foundation,1,Isaac Asimov,,
535,The Caves of Steel,1,Isaac Asimov,,
535,The God's Themselves,1,Isaac Asimov,,
535,The Last Question,1,Isaac Asimov,,
535,The Breath of the Sun,1,Isaac Fellman,,
535,If on a winter's night a traveler,1,Italo Calvino,,
535,The Booms,1,J. B,,
535,The Talents Trilogy,1,J. M. Miro,,
535,The Dark Profit Saga,1,J. Zachary Pike,,
535,Keeper Chronicles,1,J.A. Andrews,,
535,Keeper Origins,1,J.A. Andrews,,
535,Daughter of the East,1,J.D.G. Perldeiner,,
535,Tales from the Jianghu,1,J.F. Lee,,
535,The Saga of the Nothing Mage,1,J.P. Valentine,,
535,This Trilogy is Broken,1,J.P. Valentine,,
535,Leaf By Niggle,1,J.R.R. Tolkien,,
535,Twinborn Trilogy,1,J.S. Morin,,
535,The Dragons of Dorwine,1,Jack Adkins,,
535,The Colours of Madeleine,1,Jaclyn Moriarty,,
535,The Chronicles of the Imaginarium Geographica,1,James A. Owen,,
535,Jurgen,1,James Branch Cabell,,
535,Shogun,1,James Clavell,,
535,The Maze Runner,1,James Dashner,,
535,No Heart for a Thief,1,James Lloyd Dulin,,
535,Transformers: More than Meets the Eye,1,James Roberts,,
535,Pit Dragon Chronicles,1,Jane Yolen,,
535,The Memory Librarian,1,Janelle Monae,,
535,To Ride Hell's Chasm,1,Janny Wurts,,
535,Saga de Tramórea,1,Javier Negrete,,
535,Récits du Vieux Royaume,1,Jean-Philippe Jaworsky,,
535,Dead Astronauts,1,Jeff VanderMeer,,
535,Panopticon,1,Jenni Fagan,,
535,Ariadne,1,Jennifer Saint,,
535,Land of Roar,1,Jenny McLachlan,,
535,Things in Jars,1,Jess Kidd,,
535,The Cahill Witch Chronicles,1,Jessica Spotswood,,
535,The Gilda Stories,1,Jewelle L. Gomez,,
535,The Cinder Spires,1,Jim Butcher,,
535,Janitors of the Post-Apocalypse,1,Jim C. Hines,,
535,Stone Junction,1,Jim Dodge,,
535,The Eye of Argon,1,Jim Theis,,
535,The Return of the Condor Heroes,1,Jin Yong,,
535,My Real Children,1,Jo Walton,,
535,Small Change,1,Jo Walton,,
535,Elysium Cycle,1,Joan Slonczewski,,
535,The Female Man,1,Joanna Russ,,
535,Loki,1,Joanne M. Harris,,
535,Locke & Key,1,Joe Hill,,
535,One for the Morning Glory,1,John Barnes,,
535,The Tripods,1,John Christopher,,
535,Ka: Dar Oakley in the Ruin of Ymr,1,John Crowley,,
535,The Bloodsworn Saga,1,John Gwynne,,
535,Chew,1,John Layman,,
535,The Dragon Waiting,1,John M. Ford,,
535,Fuzzy Nation,1,John Scalzi,,
535,Kaiju Preservation Society,1,John Scalzi,,
535,Lock In,1,John Scalzi,,
535,Armor,1,John Steakley,,
535,Avengers,1,Johnathan Hickman,,
535,The Lot Lands,1,Jonathan French,,
535,Carter & Lovecraft,1,Jonathan L. Howard,,
535,Kagen the Damned,1,Jonathan Maberry,,
535,Ficciones,1,Jorge Luis Borges,,
535,The Obscene Bird of Night,1,José Donoso,,
535,The Last Apprentice,1,Joseph Delaney,,
535,The Book of Tea,1,Judy I. Lin,,
535,Saga of the Pliocene Exile,1,Julian May,,
535,Web Shifters,1,Julie E. Czerneda,,
535,Blackthorn & Grim,1,Juliet Marillier,,
535,The Silent Gods,1,Justin Travis Call,,
535,Ascendant,1,K. Arsenault Rivera,,
535,Animorphs,1,K.A. Applegate,,
535,Scavenger,1,K.J. Parker,,
535,The Company,1,K.J. Parker,,
535,The Stars Are Legion,1,Kameron Hurley,,
535,An Outcast in Another World,1,KamikazePotato,,
535,Witch Hat Atelier,1,Kamome Shirahama,,
535,Redemption in Indigo,1,Karen Lord,,
535,The Unseen World,1,Kat Howard,,
535,Crossroads,1,Kate Elliott,,
535,The Sun Chronicles,1,Kate Elliott,,
535,The Witches of Eileanan,1,Kate Forsyth,,
535,Armed in Her Fashion,1,Kate Heartfield,,
535,Snare,1,Katharine Kerr,,
535,The Goblin Emperor,1,Katherine Addison,,
535,Bridge to Terabithia,1,Katherine Paterson,,
535,Dragon Realm,1,Katie Tsang & Kevin Tsang,,
535,Akira,1,Katsuhiro Otomo,,
535,D.Gray-man,1,Katsura Hoshino,,
535,Ravenfall,1,Kaylyn Josephson,,
535,Amulet,1,Kazu Kibuishi,,
535,Klara and the Sun,1,Kazuo Ishiguro,,
535,The Buried Giant,1,Kazuo Ishiguro,,
535,Sour Candy,1,Kealan Patrick Burke,,
535,The Miracles of the Namiya General Store,1,Keigo Higashino,,
535,King's Dark Tidings,1,Kel Kade,,
535,Replay,1,Ken Grimwood,,
535,The Paper Menagerie,1,Ken Liu,,
535,Matt Cruse,1,Kenneth Oppel,,
535,The Iron Druid Chronicles,1,Kevin Hearne,,
535,The Conqueror's Saga,1,Kiersten White,,
535,The Hollows,1,Kim Harrison,,
535,Anno Dracula,1,Kim Newman,,
535,The Ministry for the Future,1,Kim Stanley Robinson,,
535,Lives of the Monster Dogs,1,Kirsten Bakis,,
535,Benighted,1,Kit Whitfield,,
535,Hellsing,1,Kohta Hirano,,
535,Boogiepop,1,Kouhei Kadono,,
535,Immortals After Dark,1,Kresley Cole,,
535,The Dark Abyss of Our Sins,1,Krista D. Ball,,
535,Cat's Cradle,1,Kurt Vonnegut,,
535,Slaughterhouse-Five,1,Kurt Vonnegut,,
535,Oz,1,L. Frank Baum,,
535,Daughter of Smoke & Bone,1,Laini Taylor,,
535,The Witches of Thistle Grove,1,Lana Harper,,
535,The Amberlough Dossier,1,Lara Elena Donnelly,,
535,Monster Hunter International,1,Larry Correia,,
535,Memorias de Idhun,1,Laura Gallego Garcia,,
535,Half Sick of Shadows,1,Laura Sebastian,,
535,Central Station,1,Lavie Tidhar,,
535,Summer Sons,1,Lee Mandelo,,
535,King of Scars,1,Leigh Bardugo,,
535,We Have Always Been Here,1,Lena Nguyen,,
535,Under the Northern Sky,1,Leo Carew,,
535,The Monsters We Defy,1,Leslye Penelope,,
535,Tales of the Otori,1,Lian Hearn,,
535,The Diviners,1,Libba Bray,,
535,Star Kingdom,1,Lindsay Buroker,,
535,Severance,1,Ling Ma,,
535,The Lost Dreamer,1,Lizz Huerta,,
535,Time and the Gods,1,Lord Dunsany,,
535,Fuzzy Mud,1,Louis Sachar,,
535,Rampart Trilogy,1,M.R. Carey,,
535,Montague Siblings,1,Mackenzi Lee,,
535,Noughts and Crosses,1,Malorie Blackman,,
535,Tales of the Seventh,1,Marc Alan Edelheit,,
535,QualityLand,1,Marc-Uwe Kling,,
535,We Won't Be Here Tomorrow,1,Margaret Killjoy,,
535,Little Thieves,1,Margaret Owen,,
535,Woman on the Edge of Time,1,Marge Piercy,,
535,Poison Study,1,Maria V. Snyder,,
535,Driftwood,1,Marie Brennan,,
535,Lunar Chronicles,1,Marissa Meyer,,
535,The Lunar Chronicles,1,Marissa Meyer,,
535,The Aspect,1,Mark Holloway,,
535,House of Leaves,1,Mark Z. Danielewski,,
535,Frontlines,1,Marko Kloos,,
535,Ulldart - Die Dunkle Zeit,1,Markus Heitz,,
535,The Book Thief,1,Markus Zusak,,
535,Sir Gadabout,1,Martyn Beardsley,,
535,Magic Tree House,1,Mary Pope Osborne,,
535,Theseus,1,Mary Renault,,
535,The Sign of the Dragon,1,Mary Soon Lee,,
535,Wolf of Wessex,1,Mathew Harffy,,
535,How to Stop Time,1,Matt Haig,,
535,The Legacy Trilogy,1,Matthew Ward,,
535,Heart of Bronze,1,Matthew Woodring Stover,,
535,Underland,1,Maxime J. Durand,,
535,Vainqueur the Dragon,1,Maxime J. Durand,,
535,The Undertaking of Hart and Mercy,1,Megan Bannen,,
535,Cloven Hooves,1,Megan Lindholm,,
535,Windsingers,1,Megan Lindholm,,
535,Dragon Prince,1,Melanie Rawn,,
535,Lumatere Chronicles,1,Melina Marchetta,,
535,Rooks and Ruin,1,Melissa Caruso,,
535,A Pattern of Shadow & Light,1,Melissa McPhail,,
535,Dragon Jousters,1,Mercedes Lackey,,
535,Obsidian Mountain,1,Mercedes Lackey,,
535,Darkangel Trilogy,1,Meredith Ann Pierce,,
535,The Narrator,1,Michael Cisco,,
535,Andromeda,1,Michael Crichton,,
535,State of Fear,1,Michael Crichton,,
535,Timeline,1,Michael Crichton,,
535,Momo,1,Michael Ende,,
535,Eifelheim,1,Michael Flynn,,
535,The Wreck of the River of Stars,1,Michael Flynn,,
535,Corum,1,Michael Moorcock,,
535,Songs of Chaos,1,Michael R. Miller,,
535,The Winter of the World,1,Michael Scott Rohan,,
535,Nifft the Lean,1,Michael Shea,,
535,Legend of the Arch Magus,1,Michael Sisa,,
535,The Iron Dragon's Daughter,1,Michael Swanwick,,
535,Chronicles of Ancient Darkness,1,Michelle Paver,,
535,Don Quixote,1,Miguel de Cervantes,,
535,Felix Castor,1,Mike Carey,,
535,Hellboy,1,Mike Mignola,,
535,Dictionary of the Khazars,1,Milorad Pavic,,
535,The Time Keeper,1,Mitch Albom,,
535,Ascendance of a Bookworm,1,Miya Kazuki,,
535,Grandmaster of Demonic Cultivation,1,Mo Xiang Tong Xiu,,
535,Moribito,1,Nahoko Uehashi,,
535,The Beast Player,1,Nahoko Uehashi,,
535,Guild Hunter,1,Nalini Singh,,
535,The Gilded Ones,1,Namina Forna,,
535,Monster,1,Naoki Urasawa,,
535,Travel Light,1,Naomi Mitchison,,
535,Stone Blind,1,Natalie Haynes,,
535,The Kingdoms,1,Natasha Pulley,,
535,The Watchmaker of Filigree Street,1,Natasha Pulley,,
535,The Chained God,1,Nathan Hall,,
535,Strange Planet,1,Nathan W. Pyle,,
535,Seveneves,1,Neal Stephenson,,
535,The Baroque Cycle,1,Neal Stephenson,,
535,The Diamond Age,1,Neal Stephenson,,
535,Anansi Boys,1,Neil Gaiman,,
535,Sandman,1,Neil Gaiman,,
535,The Sandman,1,Neil Gaiman,,
535,The Chosen and the Beautiful,1,Nghi Vo,,
535,Gnomon,1,Nick Harkaway,,
535,The Gone Away World,1,Nick Harkaway,,
535,Spear,1,Nicola Griffith,,
535,Archivist Wasp Saga,1,Nicole Kornher-Stace,,
535,LitenVerse,1,Nino Cipri,,
535,Monogatari,1,NisiOisiN,,
535,Akata Witch,1,Nnedi Okorafor,,
535,Nimona,1,Noelle Stevenson,,
535,Tales of the Magatama,1,Noriko Ogiwara,,
535,Bloodchild,1,Octavia E. Butler,,
535,Earthseed,1,Octavia E. Butler,,
535,Fledgling,1,Octavia E. Butler,,
535,Kindred,1,Octavia E. Butler,,
535,Patternmaster,1,Octavia E. Butler,,
535,The Books of Jacob,1,Olga Tokarczuk,,
535,The Legacies of Arnan,1,Paige L. Christie,,
535,Tam Lin,1,Pamela Dean,,
535,Seed,1,Pamela Sargent,,
535,The Water Knife,1,Paolo Bacigalupi,,
535,In the Forests of Serre,1,Patricia A. McKillip,,
535,Od Magic,1,Patricia A. McKillip,,
535,A Monster Calls,1,Patrick Ness,,
535,Burn,1,Patrick Ness,,
535,Chaos Walking,1,Patrick Ness,,
535,The Rest of Us Just Live Here,1,Patrick Ness,,
535,Mennik Thorn,1,Patrick Samphire,,
535,Perfume: the Story of a Murderer,1,Patrick Suskind,,
535,The Macht,1,Paul Kearney,,
535,Steel Crow Saga,1,Paul Krueger,,
535,Erevis Cale,1,Paul S. Kemp,,
535,The Edge Chronicles,1,Paul Stewart & Chris Riddell,,
535,The Book of M,1,Peng Shepherd,,
535,Night's Dawn,1,Peter F. Hamilton,,
535,A Fine and Private Place,1,Peter S. Beagle,,
535,The Echoes Saga,1,Philip C. Quaintrell,,
535,Minority Report,1,Philip K. Dick,,
535,The Man in the High Castle,1,Philip K. Dick,,
535,The Penultimate Truth,1,Philip K. Dick,,
535,The Three Stigmata of Palmer Eldritch,1,Philip K. Dick,,
535,Tradescant,1,Philippa Gregory,,
535,La Quête d'Ewilan,1,Pierre Bottero,,
535,Le Pacte des MarchOmbres,1,Pierre Bottero,,
535,Apprentice Adept,1,Piers Anthony,,
535,Lorien Legacies,1,Pittacus Lore,,
535,Lost Souls,1,Poppy Z. Brite,,
535,Tau Zero,1,Poul Anderson,,
535,The Broken Sword,1,Poul Anderson,,
535,Fourth Mansions,1,R.A. Lafferty,,
535,Nine Hundred Grandmothers,1,R.A. Lafferty,,
535,The Wounded Kingdom,1,R.J. Barker,,
535,Goosebumps,1,R.L. Stine,,
535,Legend of Eli Monpress,1,Rachel Aaron,,
535,The Great Library,1,Rachel Caine,,
535,Lore Olympus,1,Rachel Smythe,,
535,Miss Peregrine's Peculiar Children,1,Ransom Riggs,,
535,The Fortunate Fall,1,Raphael Carter,,
535,Dragons of Ether,1,Raphael Draccon,,
535,The Illustrated Man,1,Ray Bradbury,,
535,The Origin of Birds in the Footprints of Writing,1,Raymond St. Elmo,,
535,The Sixth World,1,Rebecca Roanhorse,,
535,Elements of Cadence,1,Rebecca Ross,,
535,Market of Monsters,1,Rebecca Schaeffer,,
535,Tomes and Tea Cozy Fantasies,1,Rebecca Thorne,,
535,The Stone Dance of the Chameleon,1,Ricardo Pinto,,
535,Takeshi Kovacs,1,Richard K. Morgan,,
535,Destroying Angel,1,Richard Paul Russo,,
535,Vampire Academy,1,Richelle Mead,,
535,The Kane Chronicles,1,Rick Riordan,,
535,Silver Under Nightfall,1,Rin Chupeco,,
535,Charlie Bucket,1,Roald Dahl,,
535,Mortal Techniques,1,Rob J. Hayes,,
535,The Ties that Bind,1,Rob J. Hayes,,
535,Starship Troopers,1,Robert A. Heinlein,,
535,Mythago Wood,1,Robert Holdstock,,
535,Founders Trilogy,1,Robert Jackson Bennett,,
535,The Walking Dead,1,Robert Kirkman,,
535,Chela,1,Robert L. Forward,,
535,Tales from Meekhanese Border,1,Robert M. Wegner,,
535,Matthew Corbett,1,Robert R. McCammon,,
535,Chalice,1,Robin McKinley,,
535,Sunshine,1,Robin McKinley,,
535,Mr. Penumbra's 24-hour Bookstore,1,Robin Sloan,,
535,Signal Airship,1,Robyn Bennis,,
535,The Last Gifts of the Universe,1,Rory August,,
535,The Gilded Wolves,1,Roshani Chokshi,,
535,Rhapsody of Blood,1,Roz Kaveney,,
535,A Tale for the Time Being,1,Ruth Ozeki,,
535,Songs of Magic,1,S.A. Patrick,,
535,Primaterre,1,S.A. Tholin,,
535,Emberverse,1,S.M. Stirling,,
535,Ending Fire,1,Saara El-Arifi,,
535,An Ember in the Ashes,1,Sabaa Tahir,,
535,Midnight's Children,1,Salman Rushdie,,
535,The Very Secret Society of Irregular Witches,1,Sangu Mandanna,,
535,The Bone Orchard,1,Sara A. Mueller,,
535,Wayfarer Redemption,1,Sara Douglass,,
535,Waverley Family,1,Sarah Addison Allen,,
535,The Songs of Sefate,1,Sarah Chorn,,
535,Stoner McTavish Mysteries,1,Sarah Dreher,,
535,A Court of Thorns and Roses,1,Sarah J. Maas,,
535,Crescent City,1,Sarah J. Maas,,
535,Street Cultivation,1,Sarah Lin,,
535,Firethorn,1,Sarah Micklem,,
535,The Stone Boatmen,1,Sarah Tolmie,,
535,A Modern Myth,1,Scott Alexander,,
535,Grimnir,1,Scott Oden,,
535,Alchemical Journeys,1,Seanan McGuire,,
535,October Daye,1,Seanan McGuire,,
535,Wayward Children,1,Seanan McGuire,,
535,Delve,1,SenescentSoul,,
535,Narbonic,1,Shaenon K. Garrity,,
535,Frith Chronicles,1,Shami Stovall,,
535,The Book of a Thousand Days,1,Shannon Hale,,
535,Keeper of the Lost Cities,1,Shannon Messenger,,
535,Elemental Blessings,1,Sharon Shinn,,
535,Gael Song,1,Shauna Lawless,,
535,Pride,1,Shelly Laurenston,,
535,The True Game,1,Sheri S. Tepper,,
535,Crown & Court,1,Sherwood Smith,,
535,The Beautiful Ones,1,Silvia Moreno-Garcia,,
535,Regency Dragons,1,Stephanie Burgis,,
535,Tales from the Chocolate Heart,1,Stephanie Burgis,,
535,The Age of Darkness Trilogy,1,Stephen Aryan,,
535,Mythos,1,Stephen Fry,,
535,The Lake Witch Trilogy,1,Stephen Graham Jones,,
535,Misery,1,Stephen King,,
535,Needful Things,1,Stephen King,,
535,Pet Sematary,1,Stephen King,,
535,The Mist,1,Stephen King,,
535,Under the Dome,1,Stephen King,,
535,The Talisman,1,Stephen King and Peter Straub,,
535,Mordant's Need,1,Stephen R. Donaldson,,
535,Song of Albion Trilogy,1,Stephen R. Lawhead,,
535,Jumper,1,Steven Gould,,
535,Aria of Steel,1,Steven Raaymakers,,
535,Semiosis,1,Sue Burke,,
535,Tokyo Ghoul,1,Sui Ishida,,
535,The Book Eaters,1,Sunyi Dean,,
535,The Witchlands,1,Susan Dennard,,
535,Take Them to the Stars,1,Sylvain Neuvel,,
535,Themis Files,1,Sylvain Neuvel,,
535,The Extraordinaries,1,T.J. Klune,,
535,The House in the Cerulean Sea,1,T.J. Klune,,
535,Under the Whispering door,1,T.J. Klune,,
535,Furthermore,1,Tahereh Mafi,,
535,Lady Knight,1,Tamora Pierce,,
535,Princess Floralinda and the Forty-Flight Tower,1,Tamsyn Muir,,
535,Smoke Trilogy,1,Tanya Huff,,
535,Artillerymen,1,Taylor Anderson,,
535,Stories of Your Life and Others,1,Ted Chiang,,
535,Spellmonger,1,Terry Mancour,,
535,Discword,1,Terry Pratchett,,
535,Good Omens,1,Terry Pratchett and Neil Gaiman,,
535,The Ashes of Avarin,1,Thiago Abdalla,,
535,Hannibal Lecter,1,Thomas Harris,,
535,Songs of a Dead Dreamer,1,Thomas Ligotti,,
535,Teatro Grottesco,1,Thomas Ligotti,,
535,The Brotherhood of the Eagle,1,Tim Hardie,,
535,On Stranger Tides,1,Tim Powers,,
535,The Drawing of the Dark,1,Tim Powers,,
535,Twilight Reign,1,Tom Lloyd,,
535,Kill 6 Billion Demons,1,Tom Parkinson-Morgan,,
535,The Leftovers,1,Tom Perrotta,,
535,Verhalen van de tweelingbroers,1,Tonke Dragt,,
535,Pontypool Changes Everything,1,Tony Burgess,,
535,Before the Coffee Gets Cold,1,Toshikazu Kawaguchi,,
535,Awaken Online,1,Travis Bagwell,,
535,Millennium's Rule,1,Trudi Canavan,,
535,Cruel Gods,1,Trudie Skies,,
535,The Magic Fish,1,Trung Le Nguyen,,
535,BLAME!,1,Tsutomu Nihei,,
535,The Imaginary Corpse,1,Tyler Hayes,,
535,Always Coming Home,1,Ursula K. Le Guin,,
535,The Beginning Place,1,Ursula K. Le Guin,,
535,The Wind's Twelve Quarters,1,Ursula K. Le Guin,,
535,Digger,1,Ursula Vernon,,
535,Gallant,1,V.E. Schwab,,
535,Chilling Effect,1,Valerie Valdes,,
535,Doctor Who,1,Various,,
535,Warhammer,1,Various,,
535,One Thousand and One Nights,1,Various Authors,,
535,Dark Gifts,1,Vic James,,
535,Greenwing & Dart,1,Victoria Goddard,,
535,Transmetropolitan,1,Warren Ellis,,
535,Warlock of the Magus World,1,Wen Chao Gong,,
535,Traveler's Gate,1,Will Wight,,
535,Bridge,1,William Gibson,,
535,Jackpot,1,William Gibson,,
535,The House of the Wolfings,1,William Morris,,
535,Journey to the West,1,Wu Cheng'en,,
535,Strange Beasts of China,1,Yan Ge,,
535,Blood Blockade Battlefront,1,Yasuhiro Nightow,,
535,The Memory Police,1,Yoko Ogawa,,
535,Destiny Cycle,1,Yrsillar,,
535,Lionboy,1,Zizou Corder,,
535,Mischief Acts,1,Zoe Gilbert,,
535,Primal Hunter,1,Zogarth,,
535,The Inheritance of Orquidea Divina,1,Zoraida Cordova,,